Workbook

Sheet 测算总览
A1: 星星充电 · VPP收益测算总览 (AUD, 基于AEMO NEM NSW1真实数据)
A2: 数据基准：AEMO DISPATCHPRICE 真实5分钟数据 (NSW1, 2025 Q1, 含RRP+8个FCAS服务价) · 口径保守：季节0.80×预见性0.85×单循环
A4: 里程碑收益（运营商口径）
A5: 阶段 | B5: 聚合规模 | C5: 运营商收益(万AUD/年) | D5: 说明
A6: 首批 · 试点 | B6: 50MW | C6: =聚合规模与收益!H7 -> 236.72 | D6: 2026 Q4 上线
A7: 中期 · 储备 | B7: 320MW | C7: =聚合规模与收益!H11 -> 1359.31 | D7: 2027–2028
A8: 远期 · 规划 | B8: 650MW | C8: =聚合规模与收益!H15 -> 2783.6 | D8: 2029+ · IRP独立持牌
A11: 关键假设（蓝色=可调输入）
A12: 参数 | B12: 数值
A13: 运营商 VPP 分成 | B13: 0.3
A14: BESS 运营分成（自持兜底） | B14: 1
A15: 电池往返效率 | B15: 0.9
A16: 季节折减 (夏季Q1→全年) | B16: 0.8
A17: 预见性折减 (尖峰捕获) | B17: 0.85
A18: BESS 运营单位收益 (AUD/MW·年) | B18: 40000
A19: BESS 现货套利价差 (AUD/MWh) | B19: 190
A21: 图例：蓝色=硬输入 · 黑色=公式计算 · 绿色=跨表引用

Sheet 单位经济性测算
A1: 单位经济性测算（每户 / 每站，AUD/年）
A2: 方案A=零售套餐·无VPP；方案B=批发套餐·VPP(套利+FCAS)。蓝色为NEM真实回测输出。
A3: 指标 | B3: 户用（每户） | C3: 工商业（每站）
A4: 储能容量 (kWh) | B4: 13.5 | C4: 215
A5: 功率 (kW) | B5: 5 | C5: 100
A6: 方案A 零售套利 VPP收益 | B6: 931 | C6: 8283
A7: 方案B 批发套利 | B7: 904 | C7: 11480
A8: 方案B FCAS | B8: 179 | C8: 3810
A9: 方案B VPP收益合计 | B9: =B7+B8 -> 1083 | C9: =C7+C8 -> 15290
A10: 提升倍数 (B/A) | B10: =B9/B6 -> 1.1632653 | C10: =C9/C6 -> 1.8459495
A11: 单位VPP收益 (AUD/kW·年) | B11: =B9/B5 -> 216.6 | C11: =C9/C5 -> 152.9
A12: 运营商分成30% (AUD/年) | B12: =B9*测算总览!$B$13 -> 324.9 | C12: =C9*测算总览!$B$13 -> 4587
A13: 运营商单位收益 (AUD/kW·年) | B13: =B11*测算总览!$B$13 -> 64.98 | C13: =C11*测算总览!$B$13 -> 45.87

Sheet 聚合规模与收益
A1: 聚合规模与收益（按第1页口径，万 AUD/年）
A3: 阶段 | B3: 资产类型 | C3: 聚合规模(MW) | D3: 单位收益 | E3: 单位口径 | F3: 毛收益(万AUD/年) | G3: 分成 | H3: 运营商收益(万AUD/年) | I3: 对标数据来源
A4: 首批 · 试点 | B4: 户用 VPP | C4: 10 | D4: =单位经济性测算!$B$11 -> 216.6 | E4: AUD/kW·年 | F4: =C4*D4/10 -> 216.6 | G4: =测算总览!$B$13 -> 0.3 | H4: =F4*G4 -> 64.98 | I4: AEMO NEM 2024–25
B5: 工商业 VPP | C5: 20 | D5: =单位经济性测算!$C$11 -> 152.9 | E5: AUD/kW·年 | F5: =C5*D5/10 -> 305.8 | G5: =测算总览!$B$13 -> 0.3 | H5: =F5*G5 -> 91.74 | I5: Momentum / EnelX 参考
B6: BESS 运营 | C6: 20 | D6: =测算总览!$B$18 -> 40000 | E6: AUD/MW·年 | F6: =C6*D6/10000 -> 80 | G6: =测算总览!$B$14 -> 1 | H6: =F6*G6 -> 80 | I6: Modo Energy 2025 BESS
A7: 小计 | B7: 首批 | C7: =SUM(C4:C6) -> 50 | F7: =SUM(F4:F6) -> 602.4 | H7: =SUM(H4:H6) -> 236.72
A8: 中期 · 储备 | B8: 户用 VPP | C8: 20 | D8: =单位经济性测算!$B$11 -> 216.6 | E8: AUD/kW·年 | F8: =C8*D8/10 -> 433.2 | G8: =测算总览!$B$13 -> 0.3 | H8: =F8*G8 -> 129.96 | I8: AEMO NEM 2024–25
B9: 工商业 VPP | C9: 50 | D9: =单位经济性测算!$C$11 -> 152.9 | E9: AUD/kW·年 | F9: =C9*D9/10 -> 764.5 | G9: =测算总览!$B$13 -> 0.3 | H9: =F9*G9 -> 229.35 | I9: Momentum / EnelX 参考
B10: BESS 运营 | C10: 250 | D10: =测算总览!$B$18 -> 40000 | E10: AUD/MW·年 | F10: =C10*D10/10000 -> 1000 | G10: =测算总览!$B$14 -> 1 | H10: =F10*G10 -> 1000 | I10: Modo Energy 2025 BESS
A11: 小计 | B11: 中期 | C11: =SUM(C8:C10) -> 320 | F11: =SUM(F8:F10) -> 2197.7 | H11: =SUM(H8:H10) -> 1359.31
A12: 远期 · 规划 | B12: 户用 VPP | C12: 50 | D12: =单位经济性测算!$B$11 -> 216.6 | E12: AUD/kW·年 | F12: =C12*D12/10 -> 1083 | G12: =测算总览!$B$13 -> 0.3 | H12: =F12*G12 -> 324.9 | I12: AEMO NEM 2024–25
B13: 工商业 VPP | C13: 100 | D13: =单位经济性测算!$C$11 -> 152.9 | E13: AUD/kW·年 | F13: =C13*D13/10 -> 1529 | G13: =测算总览!$B$13 -> 0.3 | H13: =F13*G13 -> 458.7 | I13: Momentum / EnelX 参考
B14: BESS 运营 | C14: 500 | D14: =测算总览!$B$18 -> 40000 | E14: AUD/MW·年 | F14: =C14*D14/10000 -> 2000 | G14: =测算总览!$B$14 -> 1 | H14: =F14*G14 -> 2000 | I14: Modo Energy 2025 BESS
A15: 小计 | B15: 远期 | C15: =SUM(C12:C14) -> 650 | F15: =SUM(F12:F14) -> 4612 | H15: =SUM(H12:H14) -> 2783.6

Sheet 增长轨迹
A1: JV 收入增长轨迹（运营商收益，万 AUD/年）
A3: 时点 | B3: 民居 VPP | C3: 工商业 VPP | D3: BESS 运营 | E3: 合计
A4: 2026 Q4 | B4: 65 | C4: 92 | D4: 80 | E4: =SUM(B4:D4) -> 237
A5: 2027 | B5: 100 | C5: 160 | D5: 450 | E5: =SUM(B5:D5) -> 710
A6: 2028 H1 | B6: 130 | C6: 230 | D6: 1000 | E6: =SUM(B6:D6) -> 1360
A7: 2029+ | B7: 324 | C7: 459 | D7: 2000 | E7: =SUM(B7:D7) -> 2783

Sheet 典型日演示
A1: 典型日演示 · 两场景一天的电池调度与收益（NSW全季平均日内价格曲线）
A2: 演示口径：按NSW现货全季平均日内曲线，单户/单站一天的最优低充高放(单循环)+FCAS。工商业工作日08–17点电池服务负荷、不参与套利。
A4: 日收益汇总
A5: 场景 | B5: 套利($/日) | C5: FCAS($/日) | D5: 日VPP收益($) | E5: 运营商30%($/日) | F5: 年化≈($/年)
A6: 户用（每户·13.5kWh/5kW） | B6: =E34 -> 2.3271 | C6: =E35 -> 0.54490107 | D6: =E36 -> 2.8720011 | E6: =E37 -> 0.86160032 | F6: =E38 -> 1048.2804
A7: 工商业（每站·215kWh/100kW） | B7: =H34 -> 28.07528 | C7: =H35 -> 11.598174 | D7: =H36 -> 39.673454 | E7: =H37 -> 11.902036 | F7: =H38 -> 14480.811
A9: 小时 | B9: 现货价($/MWh) | C9: 户用·动作 | D9: 户用·电量(kWh) | E9: 户用·收益($) | F9: 工商业·动作 | G9: 工商业·电量(kWh) | H9: 工商业·收益($)
A10: 00:00 | B10: 90.2 | C10: — | D10: 0 | E10: =B10*D10/1000 -> 0 | F10: — | G10: 0 | H10: =B10*G10/1000 -> 0
A11: 01:00 | B11: 86.1 | C11: — | D11: 0 | E11: =B11*D11/1000 -> 0 | F11: — | G11: 0 | H11: =B11*G11/1000 -> 0
A12: 02:00 | B12: 83.9 | C12: — | D12: 0 | E12: =B12*D12/1000 -> 0 | F12: 充电 | G12: -100 | H12: =B12*G12/1000 -> -8.39
A13: 03:00 | B13: 84.8 | C13: — | D13: 0 | E13: =B13*D13/1000 -> 0 | F13: 充电 | G13: -38.9 | H13: =B13*G13/1000 -> -3.29872
A14: 04:00 | B14: 91 | C14: — | D14: 0 | E14: =B14*D14/1000 -> 0 | F14: — | G14: 0 | H14: =B14*G14/1000 -> 0
A15: 05:00 | B15: 107.2 | C15: — | D15: 0 | E15: =B15*D15/1000 -> 0 | F15: — | G15: 0 | H15: =B15*G15/1000 -> 0
A16: 06:00 | B16: 90.4 | C16: — | D16: 0 | E16: =B16*D16/1000 -> 0 | F16: — | G16: 0 | H16: =B16*G16/1000 -> 0
A17: 07:00 | B17: 44.1 | C17: — | D17: 0 | E17: =B17*D17/1000 -> 0 | F17: 充电 | G17: -100 | H17: =B17*G17/1000 -> -4.41
A18: 08:00 | B18: 36.1 | C18: — | D18: 0 | E18: =B18*D18/1000 -> 0 | F18: 服务负荷 | G18: 0 | H18: =B18*G18/1000 -> 0
A19: 09:00 | B19: 27.6 | C19: — | D19: 0 | E19: =B19*D19/1000 -> 0 | F19: 服务负荷 | G19: 0 | H19: =B19*G19/1000 -> 0
A20: 10:00 | B20: 21.6 | C20: 充电 | D20: -5 | E20: =B20*D20/1000 -> -0.108 | F20: 服务负荷 | G20: 0 | H20: =B20*G20/1000 -> 0
A21: 11:00 | B21: 23.1 | C21: 充电 | D21: -5 | E21: =B21*D21/1000 -> -0.1155 | F21: 服务负荷 | G21: 0 | H21: =B21*G21/1000 -> 0
... A33: 23:00 | B33: 95.8 | C33: — | D33: 0 | E33: =B33*D33/1000 -> 0 | F33: — | G33: 0 | H33: =B33*G33/1000 -> 0
A34: ① 套利合计 / 日 | E34: =SUM(E10:E33) -> 2.3271 | H34: =SUM(H10:H33) -> 28.07528
A35: ② FCAS / 日（年度模型÷(365×0.9)） | E35: =单位经济性测算!$B$8/(365*0.9) -> 0.54490107 | H35: =单位经济性测算!$C$8/(365*0.9) -> 11.598174
A36: ③ 日VPP收益 = ①+② | E36: =E34+E35 -> 2.8720011 | H36: =H34+H35 -> 39.673454
A37: ④ 运营商分成30% / 日 | E37: =E36*测算总览!$B$13 -> 0.86160032 | H37: =H36*测算总览!$B$13 -> 11.902036
A38: ⑤ 年化≈ 日VPP×365（对照年度模型：户用1,083 / 工商业15,290） | E38: =E36*365 -> 1048.2804 | H38: =H36*365 -> 14480.811
A40: 说明：电量正=放电入网、负=充电(含效率损耗，户用充15售13.5；工商充238.9售215)。蓝=调度输入，橙=关键结果。典型日略低于年化/365，因平均曲线平滑了真实尖峰，年度模型另计季节/预见性折减。
